"sample_name","Sample","Sample_title","Organism.x","Ecotype","lat_lon","LAT","LON"
"AN20TSCR000168","AN20T168","K_MSV1622","Andropogon amethystinus","MSV 1622","4.4468S,35.3892E",-4.4468,35.3892
"AN20TSCR000172","AN20T172","K_RGD181","Andropogon ivohibensis","RGD 181","20.6599S,46.57949E",-20.6599,46.57949
"AN20TSCR000177","AN20T177","K_MSV1413","Chrysopogon humbertianus","MSV 1413","25.5843S,45.1398E",-25.5843,45.1398
"AN20TSCR000191","AN20T191","K_NOP139","Heteropogon melanocarpus","NOP 139","20.5961S,46.5629E",-20.5961,46.5629
"AN20TSCR000194","AN20T194","K_MSV1893","Ischaemum heterotrichum","MSV 1893","16.4011S,49.82616E",-16.4011,49.82616
"AN20TSCR000195","AN20T195","K_MSV1299","Ischaemum koleostachys","MSV 1299","22.5389S,45.3785E",-22.5389,45.3785
"AN20TSCR000196","AN20T196","K_NOP99","Ischaemum polystachyum","NOP 99","20.5962S,46.8588E",-20.5962,46.8588
"AN20TSCR000202","AN20T021","AN20T021","Andropogon eucomus ssp. huillensis","NOP 116","20.6231S,46.6136E",-20.6231,46.6136
"AN20TSCR000202","AN20T021","AN20T021","Andropogon eucomus ssp. huillensis","NOP 116","20.6231S,46.6136E",-20.6231,46.6136
"AN20TSCR000205","AN20T036","AN20T036","Andropogon ivohibensis","RGD 181","20.6599S,46.5794E",-20.6599,46.5794
"AN20TSCR000205","AN20T036","AN20T036","Andropogon ivohibensis","RGD 181","20.6599S,46.5794E",-20.6599,46.5794
"AN20TSCR000206","AN20T039","AN20T039","Andropogon itremoensis","MSV 1987","20.5572S,46.4252E",-20.5572,46.4252
"AN20TSCR000206","AN20T039","AN20T039","Andropogon itremoensis","MSV 1987","20.5572S,46.4252E",-20.5572,46.4252
"AN20TSCR000210","AN20T005","AN20T005","Sorghum arundinaceum","AUB & Bookout 106","18.0343N,67.0675W",18.0343,-67.0675
"AN20TSCR000210","AN20T005","AN20T005","Sorghum arundinaceum","AUB & Bookout 106","18.0343N,67.0675W",18.0343,-67.0675
"AN20TSCR000217","AN20T015","AN20T015","Ischaemum australe var. villosum","AQ0843492","15.2677S,144.9444E",-15.2677,144.9444
"AN20TSCR000217","AN20T015","AN20T015","Ischaemum australe var. villosum","AQ0843492","15.2677S,144.9444E",-15.2677,144.9444
"AN20TSCR000221","AN20T020","AN20T020","Heteropogon melanocarpus","NOP 139","20.5961S,46.5629E",-20.5961,46.5629
"AN20TSCR000221","AN20T020","AN20T020","Heteropogon melanocarpus","NOP 139","20.5961S,46.5629E",-20.5961,46.5629
"AN20TSCR000222","AN20T022","AN20T022","Andropogon ibityensis","MSV 1013","20.5250S,46.5722E",-20.525,46.5722
"AN20TSCR000222","AN20T022","AN20T022","Andropogon ibityensis","MSV 1013","20.5250S,46.5722E",-20.525,46.5722
"AN21TNTL0075","AN21TNTL0075","AN21EXT_97","Andropogon pringlei","P.M. Peterson 19125","23.4754N, 104.9177W",23.4754,-104.9177
"AN21TNTL0075","AN21TNTL0075","AN21EXT_97","Andropogon pringlei","P.M. Peterson 19125","23.4754N, 104.9177W",23.4754,-104.9177
"AN21TNTL0092","AN21TNTL0092","AN21EXT_139","Sorghastrum pogonostachyum","Pasquet 1258","11.6848S, 24.1439E",-11.6848,24.1439
"AN21TNTL0104","AN21TNTL0104","AN21EXT_175","Cymbopogon dieterlenii","Russell, Robinson, Herman 425","22.9166, 31.2500E",22.9166,31.25
"AN21TNTL0112","AN21TNTL0112","AN21EXT_194","Andropogon lima","Katende 911","1.2039N, 24.4956E",1.2039,24.4956
"AN21TNTL0126","AN21TNTL0126","AN21EXT_260","Germainia capitata","Sharpe and Elsol 2660","24.4500S, 151.9667E",-24.45,151.9667
"AN21TNTL0137","AN21TNTL0137","AN21EXT_140","Schizachyrium jeffreysii","Pasquet 1204","14.2189S, 23.9282E",-14.2189,23.9282
"AN21TNTL0138","AN21TNTL0138","AN21EXT_151","Ischaemum koenigii","Pasquet 1196","18.2813S, 32.7673E",-18.2813,32.7673
"AN21TNTL0161","AN21TNTL0161","AN21EXT_346","Ischaemum glaucescens","Beaman 10818","5.9667N, 116.1000E",5.9667,116.1
"AN21TNTL0171","AN21TNTL0171","AN20EXT_031","Ischaemum heterotrichum","MSV 1893","16.4011S,49.82616E",-16.4011,49.82616
"AN21TNTL0174","AN21TNTL0174","AN20EXT_040","Ischaemum polystachyum","NOP 99","20.5962S,46.8588E",-20.5962,46.8588
"AN21TNTL0178","AN21TNTL0178","AN20TSCR000210","Sorghum arundinaceum","AUB & Bookout 106","18.0343N,67.0675W",18.0343,-67.0675
"AN21TSTL0012","AN21TS12","AN21TS12","Imperata cylindrica","AUB 125","25.9641N, 81.2625W",25.9641,-81.2625
"AN21TSTL0021","AN21TS21","AN21TS21","Sorghastrum sp. secundum","AUB 138","29.4906N, 82.9736W",29.4906,-82.9736
"AN21TSTL0029","AN21TS29","AN21TS29","Sorghastrum secundum","AUB 115","28.3119N, 82.0432W",28.3119,-82.0432
"AN21TSTL0035","AN21TS35","AN21TS35","Andropogon capillipes","AUB 134","29.2097N, 82.9893W",29.2097,-82.9893
"AN21TSTL0040","AN21TS40","AN21TS40","Hyparrhenia finitima","Pasquet 1244","7.3634S, 37.1151E",-7.3634,37.1151
"AN21TSTL0041","AN21TS41","AN21TS41","Hyparrhenia variabilis","Pasquet 1124","1.1126N, 35.1193E",1.1126,35.1193
"AN21TSTL0042","AN21TS42","AN21TS42","Hyparrhenia newtonii","Pasquet 1219","12.5988S, 30.3929E",-12.5988,30.3929
"AN21TSTL0054","AN21TS54","AN21TS54","Andropogon cf. ternatus","Welker 355-A","30.7170S, 53.4165W",-30.717,-53.4165
"AN21TSTL0056","AN21TS56","AN21TS56","Andropogon leucostachyus","Welker 374","25.6619S, 48.4473W",-25.6619,-48.4473
"AN21TSTL0057","AN21TS57","AN21TS57","Andropogon selloanus","Welker 356","30.7479S, 53.4116W",-30.7479,-53.4116
"AN21TSTL0069","AN21TS69","AN21TS69","Schizachyrium hatschbachii","Welker 423","29.3209S, 50.7392W",-29.3209,-50.7392
"AN21TSTL0070","AN21TS70","AN21TS70","Schizachyrium scabriflorum","Welker 585-A","27.5078S, 55.4543W",-27.5078,-55.4543
"AN21TSTL0072","AN21TS72","AN21TS72","Schizachyrium tenerum","Welker 427","29.3209S, 50.7392W",-29.3209,-50.7392
"AN21TSTL0180","AN21TSTL0180","AN21EXT_133","Chrysopogon plumulosus","Pasquet 1279","2.2565S, 37.7216E",-2.2565,37.7216
"AN21TSTL0183","AN21TSTL0183","AN21EXT_212","Andropogon arctatus","AUB 130","30.2241N, 84.2954W",30.2241,-84.2954
"AN21TSTL0187","AN21TSTL0187","AN21EXT_217","Andropogon munroi","PI 657649","31.4311N, 102.0669E",31.4311,102.0669
"AN21TSTL0207","AN21TSTL0207","AN21EXT_302","Sorghastrum stipoides","Zardini and Velazquez 25569","25.2500S, 55.9167W",-25.25,-55.9167
"AN21TSTL0214","AN21TSTL0214","CassianoDNA615","Imperata brasiliensis","Welker 615-C","30.2608S, 50.2389W",-30.2608,-50.2389
"AN21TSTL0217","AN21TSTL0217","AN21EXT_460","Andropogon bicornis","AUB & Bookout 110","18.0911, 66.0359W",18.0911,-66.0359
"AN21TSTL0218","AN21TSTL0218","AN21EXT_462","Andropogon longiberbis","AUB 133","30.2217N, 84.2917W",30.2217,-84.2917
"AN21TSTL0218","AN21TSTL0218","AN21EXT_462","Andropogon longiberbis","AUB 133","30.2217N, 84.2917W",30.2217,-84.2917
"AN21TSTL0224","AN21TSTL0224","AN21EXT_127","Sorghum arundinaceum","AUB & Bookout 106","18.0343N, 67.0675W",18.0343,-67.0675
"AN21TSTL0238","AN21TSTL0238","AN21EXT_176","Cymbopogon dependens","D.L. Lewis 1049","15.19028S, 134.7375E",-15.19028,134.7375
"AN21TSTL0245","AN21TSTL0245","AN21EXT_210","Chrysopogon filipes","I.D. Cowie & C.P. Mangion 9120","11.7539S, 130.3689E",-11.7539,130.3689
"AN21TSTL0268","AN21TSTL0268","AN21EXT_398","Hyparrhenia filipendula","Rwaburindore 5066","0.6667N, 34.1667E",0.6667,34.1667
"AT20TN1MCRTL026","MCRTL026","45483","Hyparrhenia bracteata","MSV 1664","5.48407S, 30.5300E",-5.48407,30.53
"AT20TN1MCRTL031","MCRTL031","TK256","Anadelphia scyphofera","Pasquet 1237","5.4865S, 30.5302E",-5.4865,30.5302
"AT20TN1MCRTL038","MCRTL038","TK736","Schizachyrium reedii","E.L. Ekman 17186","23.0346N, 81.6974W",23.0346,-81.6974
"AT20TN1MCRTL045","MCRTL045","TK704","Andropogon appendiculatus","D.B. Muller 812","28.3114S, 27.2398E",-28.3114,27.2398
"AT20TN1MCRTL046","MCRTL046","TK717","Andropogon kelleri","C.F. Hemming 2168","8.4500N, 46.2333E",8.45,46.2333
"AT20TN1MCRTL047","MCRTL047","TK726","Andropogon lividus","T.R. Soderstrom, S. Kulatunge 1669","6.8274N, 80.7473E",6.8274,80.7473
"AT20TN1MCRTL051","MCRTL051","TK719","Andropogon leprodes","P.e. Glover & Gilliland 1067","9.1307N, 47.5707E",9.1307,47.5707
"AT20TN1MCRTL052","MCRTL052","TK529","Schizachyrium sanguineum","Pasquet 1167","8.8270S, 31.4131E",-8.827,31.4131
"AT20TN1MCRTL060","MCRTL060","TK694","Schizachyrium microstachyum","Elsa MatildeZardini & Tulio Tilleria 38574","26.5833S, 57.1000W",-26.5833,-57.1
"AT20TN1MCRTL065","MCRTL065","TK715","Andropogon ivorensis","H. Jacques-Felix 8602","7.3587N, 13.5835E",7.3587,13.5835
"AT20TN1MCRTL068","MCRTL068","TK727","Andropogon longiberbis","C.S. Campbell 4091","29.7053N, 82.3232W",29.7053,-82.3232
"AT20TN1MCRTL069","MCRTL069","TK674","Schizachyrium microstachyum","Kendall Lee 39","15.3667N, 61.3500W",15.3667,-61.35
"AT20TN1MCRTL070","MCRTL070","TK690","Hyparrhenia figariana","M. Reekmans 11042","3.3667S, 29.3333E",-3.3667,29.3333
"AT20TS1MCRTL003","MCRTL003","TK232","Euclasta condylotaicha","Pasquet 1245","-7.3937S, 37.1434E",-7.3937,37.1434
"AT20TS1MCRTL007","MCRTL007","TK193","Rottboellia cochinchinensis","Layton and Zhong 158","30.8297N, 90.6719W",30.8297,-90.6719
"AT20TS1MCRTL021","MCRTL021","TK284","Ischaemum hubbardii","Traiperm & Layton 538","18.5618N, 98.4762E",18.5618,98.4762
